Iteration,M2,D2,Loss
0,11.49999713897705,9.599952697753906,0.0012321287067607045
0,11.582623481750488,9.683262825012207,0.00047660156269557774
0,11.64702033996582,9.748061180114746,1.7359918274451047e-05
0,11.702505111694336,9.810015678405762,4.036679820274003e-05
0,11.751208305358887,9.862872123718262,8.45312442265822e-09
